{"cameraMode":{"drawMode":0,"name":"Shaded","section":"Shading Mode"},"sceneLighting":true,"audioPlay":false,"sceneViewState":{"showFog":true,"showMaterialUpdate":false,"showSkybox":true,"showFlares":true,"showImageEffects":true,"showParticleSystems":true},"in2DMode":false,"pivot":{"x":332.662841796875,"y":208.93670654296876,"z":1465.7816162109375},"rotation":{"x":0.021307574585080148,"y":0.017120053991675378,"z":-0.00036517437547445297,"w":0.9996263384819031},"size":1491.1175537109375,"orthographic":false}