{"cameraMode":{"drawMode":0,"name":"Shaded","section":"Shading Mode"},"sceneLighting":true,"audioPlay":false,"sceneViewState":{"showFog":true,"showMaterialUpdate":false,"showSkybox":true,"showFlares":true,"showImageEffects":true,"showParticleSystems":true},"in2DMode":false,"pivot":{"x":0.03546954691410065,"y":0.7844740152359009,"z":0.0631098747253418},"rotation":{"x":-0.05727260932326317,"y":0.015256707556545735,"z":-0.0008750716806389391,"w":-0.998241662979126},"size":6.0954694747924809,"orthographic":false}