{"cameraMode":{"drawMode":0,"name":"Shaded","section":"Shading Mode"},"sceneLighting":true,"audioPlay":false,"sceneViewState":{"showFog":true,"showMaterialUpdate":false,"showSkybox":true,"showFlares":true,"showImageEffects":true,"showParticleSystems":true},"in2DMode":false,"pivot":{"x":534.6258544921875,"y":132.241943359375,"z":-45.41082763671875},"rotation":{"x":0.22334186732769013,"y":0.023999106138944627,"z":-0.00550092151388526,"w":0.9744292497634888},"size":620.88720703125,"orthographic":false}